Blending_Weight(w),Ext_RPS,Ext_LogLoss,Ext_Acc
w=0.30,0.16236896383082056,0.8767994071491628,0.625
w=0.40,0.1623762616152516,0.8763920069051574,0.625
w=0.20,0.16240431618652437,0.8774064282939328,0.625
w=0.50,0.16243539119377384,0.876197898010779,0.625
w=0.10,0.16247320686329494,0.878198839265988,0.625
w=0.60,0.16255502605792801,0.8762297821262771,0.625
w=0.00,0.16256705381324368,0.8791622211395193,0.625
w=0.70,0.16274268274080114,0.8764989713206042,0.625
w=0.80,0.16300407459113725,0.877014983350772,0.625
w=0.90,0.1633425579465266,0.8777851848620437,0.625
w=1.00,0.1637587597429664,0.8788145133969184,0.625
